"Construct","Items","Alpha","InterItemR"
"Competitive Nature",2,0.928341148886284,0.866508451236574
"Skill Improvement",2,0.895486155013276,0.810978685243739
"Game Knowledge",2,0.868688714294415,0.770667278536407
"Skill Appreciation",2,0.806279645720522,0.675764702780136
"Entertaining Nature",2,0.882749456390432,0.790940387331474
"Dramatic Nature",2,0.930556949322629,0.870583343377383
"Vicarious Sensation",2,0.794120337897594,0.658662340659246
