dataset,sigma,n,logLik
C,0.8617589237732455,854,-1145.5101907174617
G,1.0238697942805932,449,-652.264740515125
