participants_n,competence_mean,competence_sd,elo_n,elo_mean,elo_sd
57,4.12280701754386,0.6565650723542861,52,1281.7307692307693,210.28198764708412
